Botox consent form 2025.pdf,NAME,DOB,ADDRESS1
Continuation Sheet.pdf,NAME,DOB
COVID Pre assessment.pdf,NAME,DOB
Filler Consent 2025.pdf,NAME,DOB,ADDRESS1
GDPR Notice for signature.pdf,NAME,DOB
GP Information existing patients.pdf,NAME,DOB,SURGERY,PREFERRED_GP
Injectable patient notes PRINT INSTRUCTIONS 2 sheets per page plus single hairline border.pdf,NAME,DOB
Next of Kin existing patients form .pdf,NAME,DOB,NOK_NAME,NOK_RELATIONSHIP,NOK_PHONE
Photographic consent form.pdf,NAME,DOB,ADDRESS1,POSTCODE
Private Prescription Blank.pdf,NAME,DOB,ADDRESS1
Sage Demographics and medical History sheet combo.pdf,NAME,DOB,ADDRESS1,ADDRESS2,POSTCODE,PHONE_NUMBER,EMAIL_ADDRESS,NOK_NAME,NOK_RELATIONSHIP,NOK_PHONE
Sage MS Consent Form V 1.pdf,NAME,DOB,ADDRESS1,ADDRESS2,ADDRESS3,POSTCODE,PHONE_NUMBER,EMAIL_ADDRESS,GENDER,AGE