Bank details for patients making bank transfer 2025.pdf,0|+|101|+|185|+|colGRAY|+|NAME
Botox consent form 2025.pdf,0|+|101|+|185|+|colGRAY|+|NAME,0|+|445|+|185|+|colGRAY|+|DOB,0|+|112|+|209|+|colGRAY|+|ADDRESS1
Continuation Sheet.pdf,0|+|101|+|185|+|colGRAY|+|NAME
COVID Pre assessment .pdf,0|+|101|+|185|+|colGRAY|+|NAME
Emergency kit Stock Check list BLANK.pdf,0|+|101|+|185|+|colGRAY|+|NAME
Filler aftercare Advice.pdf,0|+|101|+|185|+|colGRAY|+|NAME
Filler Consent 2025.pdf,0|+|101|+|185|+|colGRAY|+|NAME
GDPR Notice for signature.pdf,0|+|101|+|185|+|colGRAY|+|NAME
GP Information existing patients.pdf,0|+|101|+|185|+|colGRAY|+|NAME
Injectable patient notes PRINT INSTRUCTIONS 2 sheets per page plus single hairline border.pdf,0|+|101|+|185|+|colGRAY|+|NAME
Letter head.pdf,0|+|101|+|185|+|colGRAY|+|NAME
MINOR SURGERY Daily decontamination recordings.pdf,0|+|101|+|185|+|colGRAY|+|NAME
MS Safer Surgery and op notes.pdf,0|+|101|+|185|+|colGRAY|+|NAME
Next of Kin existing patients form .pdf,0|+|101|+|185|+|colGRAY|+|NAME
Photographic consent form.pdf,0|+|101|+|185|+|colGRAY|+|NAME
Post Botox advice.pdf,0|+|101|+|185|+|colGRAY|+|NAME
Private Prescription Blank.pdf,0|+|101|+|185|+|colGRAY|+|NAME
Sage Demographics and medical History sheet combo.pdf,0|+|101|+|185|+|colGRAY|+|NAME
Sage MS Consent Form V 1.pdf,0|+|101|+|185|+|colGRAY|+|NAME
Scar Care advice after minor surgery.pdf,0|+|101|+|185|+|colGRAY|+|NAME